{
  "BlueGrasp": {
    "q": [
      -2.010416332875387,
      -2.1802898846068324,
      -1.8194761276245117,
      4.007732554072998,
      -1.6240885893451136,
      -1.5462759176837366
    ]
  },
  "OverBoxPose": {
    "q": [
      -1.6843403021441858,
      -1.7713800869383753,
      -2.538630485534668,
      4.318931265468262,
      -1.2982853094684046,
      -1.547690216694967
    ]
  },
  "RedGrasp": {
    "q": [
      -1.9142192045794886,
      -2.168049474755758,
      -1.8302984237670898,
      4.0065552431293945,
      -1.527867619191305,
      -1.547138516102926
    ]
  },
  "YellowGrasp": {
    "q": [
      -1.8090251127826136,
      -2.148680349389547,
      -1.8673677444458008,
      4.024727984065674,
      -1.4227059523211878,
      -1.5479539076434534
    ]
  },
  "YellowPreGrasp": {
    "q": [
      -1.803497616444723,
      -2.109267850915426,
      -1.9879026412963867,
      4.164214773769043,
      -1.4250472227679651,
      -1.5656560103045862
    ]
  },
  "RedPreGrasp": {
    "q": [
      -1.9112704435931605,
      -2.1204258404173792,
      -1.9661626815795898,
      4.152594252223633,
      -1.5325735251056116,
      -1.5585368315326136
    ]
  },
  "BluePreGrasp": {
    "q": [
      -2.0270398298846644,
      -2.1412517033019007,
      -1.9252557754516602,
      4.132404013270996,
      -1.6480549017535608,
      -1.5509980360614222
    ]
  },
  "OverCameraPose": {
    "q": [
      -1.8916152159320276,
      -2.0121876202025355,
      -2.1760873794555664,
      4.2543989855,
      -1.513028923665182,
      -1.559387509022848
    ]
  },
  "OverBox0": {
    "q": [
      -1.7428534666644495,
      -2.0182868442931117,
      -2.156460762023926,
      4.210152311916016,
      -1.3529866377459925,
      -0.9524453322040003
    ]
  },
  "OverBox1": {
    "q": [
      -1.708949391041891,
      -1.9418302975096644,
      -2.30062198638916,
      4.278164549464844,
      -1.3191388289081019,
      -0.9533689657794397
    ]
  },
  "OverBox2": {
    "q": [
      -1.573902432118551,
      -1.9200340710081996,
      -2.1352434158325195,
      4.093268080348633,
      -1.1838343779193323,
      -0.9594185988055628
    ]
  },
  "OverBox3": {
    "q": [
      -1.5170014540301722,
      -1.8291217289366664,
      -2.2756662368774414,
      4.1437341409870605,
      -1.1269868055926722,
      -0.9615510145770472
    ]
  },
  "BoxPreGrasp": {
    "q": [
      -1.9551776091205042,
      -2.0517031155028285,
      -1.9313173294067383,
      5.59340380409316,
      2.3160595893859863,
      0.007204532623291016
    ]
  },
  "BoxGrasp": {
    "q": [
      -1.8224509398089808,
      -2.107445379296774,
      -1.9647588729858398,
      5.773718821793356,
      2.191310405731201,
      0.1647167205810547
    ]
  },
  "Load0": {
    "q": [
      -1.916220490132467,
      -2.01241459468984,
      -1.896042823791504,
      5.469766127854147,
      2.2442164421081543,
      0.03363990783691406
    ]
  },
  "Load1": {
    "q": [
      -1.5067580381976526,
      -1.4788125318339844,
      -2.2885828018188477,
      5.288440692215719,
      1.6436376571655273,
      -0.19911605516542608
    ]
  },
  "Load2": {
    "q": [-0.4647582213031214, -1.1513288778117676, -2.5227041244506836, 5.243947970658102, 1.6583361625671387, 0.367581844329834]
},
  "LoadMir": {
    "q": [1.1486248970031738, -1.6401282749571742, -2.2828683853149414, 5.449568259506979, 1.6473631858825684, -0.12849122682680303]
  },
  "PreFeeder": {
    "q": [-1.6461756865130823, -1.965257307092184, -1.9047479629516602, 5.673432338028707, 2.1718087196350098, 0.3399043083190918]
  },
  "PutFeeder": {
    "q": [-1.6235788504229944, -1.9869066677489222, -1.918808937072754, 5.7377004502113245, 2.161381244659424, 0.3904261589050293]
  },
  "Feeder": {
    "q": [
      -1.6228717009173792,
      -1.9849125347533167,
      -1.9221220016479492,
      5.739484298020162,
      2.161226749420166,
      0.39122819900512695
    ]
  },
  "PostFeeder": {
    "q": [
      -1.764052693043844,
      -1.9033409557738246,
      -1.9031648635864258,
      5.5430078385169885,
      2.1908555030822754,
      0.22387027740478516
    ]
  },
  "TEST": {
    "q": [
      -2.034159008656637,
      -1.6925679645934046,
      -1.9697885513305664,
      5.595643985062399,
      2.298316478729248,
      0.03958940505981445
    ]
  },
  "Reset": {
    "q": [
      -1.9916484991656702,
      -1.676061292687887,
      -2.1800661087036133,
      3.8793551164814453,
      -1.6542437712298792,
      -1.5468867460833948
    ]
  },
  "Dump": {
    "q": [
      -1.869561497365133,
      -1.8905474148192347,
      -2.4048147201538086,
      4.36161391317334,
      -1.4910467306720179,
      -1.5603707472430628
    ]
  },
  "PushPreUp": {
    "q": [1.7251629829406738, -2.045089384118551, -2.024214744567871, 5.698930728226461, 1.6047263145446777, 0.5452837944030762]
  },
  "PushPre": {
    "q": [1.7252230644226074, -2.1542726955809535, -2.0359315872192383, 5.819785582810201, 1.6052165031433105, 0.5450081825256348]
  },
  "Push": {
    "q": [1.5873064994812012, -2.1275345287718714, -2.0920190811157227, 5.845667350083151, 1.6027522087097168, 0.40790319442749023]
  },
  "PushUp": {
    "q": [1.5872106552124023, -2.008108755151266, -2.078829765319824, 5.713028418808737, 1.6022248268127441, 0.4081435203552246]
  },
  "MirBoxPreGrasp0":{
    "q": [1.429574966430664, -2.0341340504088343, -2.0291128158569336, 5.677304255753317, 1.5197176933288574, 1.81181001663208]
  },
  "MirBoxGrasp0": {
    "q":[1.4296588897705078, -2.1535283527769984, -2.042386054992676, 5.81003617027358, 1.5202555656433105, 1.811570644378662]
  },
  "MirBoxPreGrasp1": {
    "q": [1.2213225364685059, -2.0516916714110316, -2.015103340148926, 5.689891803055563, 1.52970552444458, 1.6035866737365723]
  },
  "MirBoxGrasp1": {
    "q": [1.2253074645996094, -2.1742054424681605, -2.0147924423217773, 5.8119311211402795, 1.5300402641296387, 1.6072287559509277]
  },
  "MirDropZone0": {
  "q":[1.3816165924072266, -1.9655095539488734, -2.4364328384399414, 6.034902083664694, 1.6508498191833496, 0.18291711807250977]
  },
  "MirDropZonePre0": {
  "q":[1.381533145904541, -1.844957014123434, -2.4257993698120117, 5.903811442642965, 1.6502985954284668, 0.18307256698608398]
  },
  "MirDropZone1": {
  "q": [1.133237361907959, -1.9735714397826136, -2.3781862258911133, 5.962733256607809, 1.6633915901184082, -0.06605750719179326]
  },
  "MirDropZonePre1": {
  "q":[1.1331415176391602, -1.8728186092772425, -2.3682146072387695, 5.852040755539694, 1.6630196571350098, -0.06588966051210576]
  },

  "DummyOrder": {
    "red": 1,
    "blue": 1,
    "yellow": 1
  }
}