{
  "BlueGrasp": {
    "q": [
      -2.019393269215719,
      -2.1804219684996546,
      -1.806260108947754,
      3.994640989894531,
      -1.6330073515521448,
      -1.546215836201803
    ]
  },
  "OverBoxPose": {
    "q": [
      -1.6843403021441858,
      -1.7713800869383753,
      -2.538630485534668,
      4.318931265468262,
      -1.2982853094684046,
      -1.547690216694967
    ]
  },
  "RedGrasp": {
    "q": [
      -1.9142192045794886,
      -2.168049474755758,
      -1.8302984237670898,
      4.0065552431293945,
      -1.527867619191305,
      -1.547138516102926
    ]
  },
  "YellowGrasp": {
    "q": [
      -1.8090251127826136,
      -2.148680349389547,
      -1.8673677444458008,
      4.024727984065674,
      -1.4227059523211878,
      -1.5479539076434534
    ]
  },
  "YellowPreGrasp": {
    "q": [
      -1.803497616444723,
      -2.109267850915426,
      -1.9879026412963867,
      4.164214773769043,
      -1.4250472227679651,
      -1.5656560103045862
    ]
  },
  "RedPreGrasp": {
    "q": [
      -1.9112704435931605,
      -2.1204258404173792,
      -1.9661626815795898,
      4.152594252223633,
      -1.5325735251056116,
      -1.5585368315326136
    ]
  },
  "BluePreGrasp": {
    "q": [
      -2.0270398298846644,
      -2.1412517033019007,
      -1.9252557754516602,
      4.132404013270996,
      -1.6480549017535608,
      -1.5509980360614222
    ]
  },
  "OverCameraPose": {
    "q": [
      -1.8916152159320276,
      -2.0121876202025355,
      -2.1760873794555664,
      4.2543989855,
      -1.513028923665182,
      -1.559387509022848
    ]
  },
  "DummyOrder": {
    "red": 3,
    "blue": 3,
    "yellow": 3
  }
}