{
  "SmallBrickGrasp": {
    "q": [
      -2.0131247679339808,
      -2.18654265026235,
      -1.794539451599121,
      3.989055796260498,
      -1.6267221609698694,
      -1.5463479200946253
    ]
  },
  "OverBoxConfig": {
    "q": [
      -1.6843403021441858,
      -1.7713800869383753,
      -2.538630485534668,
      4.318931265468262,
      -1.2982853094684046,
      -1.547690216694967
    ]
  },
  "MediumBrickGrasp": {
    "q": [
      -1.9142192045794886,
      -2.168049474755758,
      -1.8302984237670898,
      4.0065552431293945,
      -1.527867619191305,
      -1.547138516102926
    ]
  },
  "LargeBrickGrasp": {
    "q": [
      -1.8101142088519495,
      -2.1542002163329066,
      -1.856816291809082,
      4.01967112600293,
      -1.4238227049456995,
      -1.5479300657855433
    ]
  },
  "OverCameraPose": {
    "q": [
      -2.0131247679339808,
      -2.18654265026235,
      -1.794539451599121,
      3.989055796260498,
      -1.6267221609698694,
      -1.5463479200946253
    ]
  }
}