{
  "BlueGrasp": {
    "q": [
      -2.019393269215719,
      -2.1804219684996546,
      -1.806260108947754,
      3.994640989894531,
      -1.6330073515521448,
      -1.546215836201803
    ]
  },
  "OverBoxPose": {
    "q": [
      -1.6843403021441858,
      -1.7713800869383753,
      -2.538630485534668,
      4.318931265468262,
      -1.2982853094684046,
      -1.547690216694967
    ]
  },
  "RedGrasp": {
    "q": [
      -1.9142192045794886,
      -2.168049474755758,
      -1.8302984237670898,
      4.0065552431293945,
      -1.527867619191305,
      -1.547138516102926
    ]
  },
  "YellowGrasp": {
    "q": [
      -1.8090251127826136,
      -2.148680349389547,
      -1.8673677444458008,
      4.024727984065674,
      -1.4227059523211878,
      -1.5479539076434534
    ]
  },
  "YellowPreGrasp": {
    "q": [
      -1.803497616444723,
      -2.109267850915426,
      -1.9879026412963867,
      4.164214773769043,
      -1.4250472227679651,
      -1.5656560103045862
    ]
  },
  "RedPreGrasp": {
    "q": [
      -1.9112704435931605,
      -2.1204258404173792,
      -1.9661626815795898,
      4.152594252223633,
      -1.5325735251056116,
      -1.5585368315326136
    ]
  },
  "BluePreGrasp": {
    "q": [
      -2.0270398298846644,
      -2.1412517033019007,
      -1.9252557754516602,
      4.132404013270996,
      -1.6480549017535608,
      -1.5509980360614222
    ]
  },
  "OverCameraPose": {
    "q": [
      -1.8916152159320276,
      -2.0121876202025355,
      -2.1760873794555664,
      4.2543989855,
      -1.513028923665182,
      -1.559387509022848
    ]
  },
  "OverBox0": {
    "q": [-1.7428534666644495, -2.0182868442931117, -2.156460762023926, 4.210152311916016, -1.3529866377459925, -0.9524453322040003]
  },
  "OverBox1": {
    "q": [-1.708949391041891, -1.9418302975096644, -2.30062198638916, 4.278164549464844, -1.3191388289081019, -0.9533689657794397]
  },
  "OverBox2": {
    "q": [-1.573902432118551, -1.9200340710081996, -2.1352434158325195, 4.093268080348633, -1.1838343779193323, -0.9594185988055628]
  },
  "OverBox3": {
    "q": [-1.5170014540301722, -1.8291217289366664, -2.2756662368774414, 4.1437341409870605, -1.1269868055926722, -0.9615510145770472]
  },
  "BoxPreGrasp": {
    "q":[-1.9551776091205042, -2.0517031155028285, -1.9313173294067383, 5.59340380409316, 2.3160595893859863, 0.007204532623291016]
  },
  "BoxGrasp": {
    "q": [-1.8224509398089808, -2.107445379296774, -1.9647588729858398, 5.773718821793356, 2.191310405731201, 0.1647167205810547]
  },
  "Load0": {
    "q": [-1.916220490132467, -2.01241459468984, -1.896042823791504, 5.469766127854147, 2.2442164421081543, 0.03363990783691406]
  },
  "Load1": {
    "q": [-1.5067580381976526, -1.4788125318339844, -2.2885828018188477, 5.288440692215719, 1.6436376571655273, -0.19911605516542608]
  },
  "Load2": {
    "q": [-0.11385804811586553, -1.3510831159404297, -2.214413642883301, 5.048631655960836, 1.6436495780944824, -0.1991637388812464]
  },
  "LoadMir": {
    "q": [1.2736468315124512, -1.8961039982237757, -2.2608518600463867, 5.675170886307516, 1.532707691192627, 0.15161466598510742]
  },
  "PreFeeder": {
    "q": [-1.6435673872577112, -1.957195898095602, -1.9176454544067383, 5.68004988411025, 2.17122220993042, 0.3429598808288574]
  },
  "Feeder": {
    "q": [-1.6228717009173792, -1.9849125347533167, -1.9221220016479492, 5.739484298020162, 2.161226749420166, 0.39122819900512695]
  },
  "PostFeeder": {
    "q": [-1.764052693043844, -1.9033409557738246, -1.9031648635864258, 5.5430078385169885, 2.1908555030822754, 0.22387027740478516]
  },
  "TEST": {
    "q":[-2.034159008656637, -1.6925679645934046, -1.9697885513305664, 5.595643985062399, 2.298316478729248, 0.03958940505981445]
  },
  "Reset": {
    "q":[-1.9916484991656702, -1.676061292687887, -2.1800661087036133, 3.8793551164814453, -1.6542437712298792, -1.5468867460833948]
  },
  "Dump": {
    "q": [-1.869561497365133, -1.8905474148192347, -2.4048147201538086, 4.36161391317334, -1.4910467306720179, -1.5603707472430628]
  },
  "DummyOrder": {
    "red": 1,
    "blue": 1,
    "yellow": 1
  }
}