{
  "BlueGrasp": {
    "q": [
      -2.0203641096698206,
      -2.1825343571104945,
      -1.8151063919067383,
      4.005570574397705,
      -1.6340363661395472,
      -1.5463598410235804
    ]
  },
  "OverBoxPose": {
    "q": [
      -1.6843403021441858,
      -1.7713800869383753,
      -2.538630485534668,
      4.318931265468262,
      -1.2982853094684046,
      -1.547690216694967
    ]
  },
  "RedGrasp": {
    "q": [
      -1.9138835112201136,
      -2.166777273217672,
      -1.8412160873413086,
      4.016176386470459,
      -1.5275195280658167,
      -1.5471623579608362
    ]
  },
  "YellowGrasp": {
    "q": [
      -1.8090251127826136,
      -2.148680349389547,
      -1.8673677444458008,
      4.024727984065674,
      -1.4227059523211878,
      -1.5479539076434534
    ]
  },
  "YellowPreGrasp": {
    "q": [
      -1.803497616444723,
      -2.109267850915426,
      -1.9879026412963867,
      4.164214773769043,
      -1.4250472227679651,
      -1.5656560103045862
    ]
  },
  "RedPreGrasp": {
    "q": [
      -1.9112704435931605,
      -2.1204258404173792,
      -1.9661626815795898,
      4.152594252223633,
      -1.5325735251056116,
      -1.5585368315326136
    ]
  },
  "BluePreGrasp": {
    "q": [
      -2.0270398298846644,
      -2.1412517033019007,
      -1.9252557754516602,
      4.132404013270996,
      -1.6480549017535608,
      -1.5509980360614222
    ]
  },
  "OverCameraPose": {
    "q": [
      -1.8916152159320276,
      -2.0121876202025355,
      -2.1760873794555664,
      4.2543989855,
      -1.513028923665182,
      -1.559387509022848
    ]
  },
  "OverBox0": {
    "q": [
      -1.7428534666644495,
      -2.0182868442931117,
      -2.156460762023926,
      4.210152311916016,
      -1.3529866377459925,
      -0.9524453322040003
    ]
  },
  "OverBox1": {
    "q": [
      -1.708949391041891,
      -1.9418302975096644,
      -2.30062198638916,
      4.278164549464844,
      -1.3191388289081019,
      -0.9533689657794397
    ]
  },
  "OverBox2": {
    "q": [
      -1.573902432118551,
      -1.9200340710081996,
      -2.1352434158325195,
      4.093268080348633,
      -1.1838343779193323,
      -0.9594185988055628
    ]
  },
  "OverBox3": {
    "q": [
      -1.5170014540301722,
      -1.8291217289366664,
      -2.2756662368774414,
      4.1437341409870605,
      -1.1269868055926722,
      -0.9615510145770472
    ]
  },
  "BoxPreGrasp": {
    "q": [
      -1.9551776091205042,
      -2.0517031155028285,
      -1.9313173294067383,
      5.59340380409316,
      2.3160595893859863,
      0.007204532623291016
    ]
  },
  "BoxGrasp": {
    "q": [
      -1.8224509398089808,
      -2.107445379296774,
      -1.9647588729858398,
      5.773718821793356,
      2.191310405731201,
      0.1647167205810547
    ]
  },
  "Load0": {
    "q": [
      -1.916220490132467,
      -2.01241459468984,
      -1.896042823791504,
      5.469766127854147,
      2.2442164421081543,
      0.03363990783691406
    ]
  },
  "Load1": {
    "q": [
      -1.5067580381976526,
      -1.4788125318339844,
      -2.2885828018188477,
      5.288440692215719,
      1.6436376571655273,
      -0.19911605516542608
    ]
  },
  "Load2": {
    "q": [
      -0.4647582213031214,
      -1.1513288778117676,
      -2.5227041244506836,
      5.243947970658102,
      1.6583361625671387,
      0.367581844329834
    ]
  },
  "LoadMir": {
    "q": [
      1.1486248970031738,
      -1.6401282749571742,
      -2.2828683853149414,
      5.449568259506979,
      1.6473631858825684,
      -0.12849122682680303
    ]
  },
  "PreFeeder": {
    "q": [
      -1.6461756865130823,
      -1.965257307092184,
      -1.9047479629516602,
      5.673432338028707,
      2.1718087196350098,
      0.3399043083190918
    ]
  },
  "PutFeeder": {
    "q": [
      -1.6235788504229944,
      -1.9869066677489222,
      -1.918808937072754,
      5.7377004502113245,
      2.161381244659424,
      0.3904261589050293
    ]
  },
  "Feeder": {
    "q": [
      -1.6228717009173792,
      -1.9849125347533167,
      -1.9221220016479492,
      5.739484298020162,
      2.161226749420166,
      0.39122819900512695
    ]
  },
  "PostFeeder": {
    "q": [
      -1.764052693043844,
      -1.9033409557738246,
      -1.9031648635864258,
      5.5430078385169885,
      2.1908555030822754,
      0.22387027740478516
    ]
  },
  "TEST": {
    "q": [
      -2.034159008656637,
      -1.6925679645934046,
      -1.9697885513305664,
      5.595643985062399,
      2.298316478729248,
      0.03958940505981445
    ]
  },
  "Reset": {
    "q": [
      -1.9916484991656702,
      -1.676061292687887,
      -2.1800661087036133,
      3.8793551164814453,
      -1.6542437712298792,
      -1.5468867460833948
    ]
  },
  "PreTwist": {
    "q": [
      -1.6026776472674769,
      -1.5045488637736817,
      -2.448765754699707,
      3.8489886957355957,
      -1.240873161946432,
      -1.5468509832965296
    ]
  },
  "Dump": {
    "q": [
      -1.869561497365133,
      -1.8905474148192347,
      -2.4048147201538086,
      4.36161391317334,
      -1.4910467306720179,
      -1.5603707472430628
    ]
  },
  "PushPreUp": {
    "q": [
      1.7647995948791504,
      -1.9759017429747523,
      -1.9313173294067383,
      5.6083998558814905,
      1.5846247673034668,
      0.5853877067565918
    ]
  },
  "PushPre": {
    "q": [
      1.7396941184997559,
      -2.15710510830068,
      -1.9829206466674805,
      5.75383614280776,
      1.5188326835632324,
      0.5459446907043457
    ]
  },
  "Push": {
    "q": [
      1.5343899726867676,
      -2.139223714868063,
      -2.0472822189331055,
      5.7549733994300745,
      1.5489277839660645,
      0.35523176193237305
    ]
  },
  "PushUp": {
    "q": [
      1.5332741737365723,
      -1.9955927334227503,
      -2.0804262161254883,
      5.75500916221694,
      1.6429791450500488,
      0.35421323776245117
    ]
  },
  "MirBoxPreGrasp0": {
    "q": [
      1.3587260246276855,
      -1.9959894619383753,
      -1.9060544967651367,
      5.45279215553359,
      1.5615229606628418,
      1.7336010932922363
    ]
  },
  "MirBoxGrasp0": {
    "q": [
      1.35890531539917,
      -2.1916500530638636,
      -1.9463205337524414,
      5.688705432205953,
      1.5623841285705566,
      1.732943058013916
    ]
  },
  "MirBoxPreGrasp1": {
    "q": [
      1.1631827354431152,
      -2.084661146203512,
      -1.917668342590332,
      5.56974076011733,
      1.5476117134094238,
      1.5289816856384277
    ]
  },
  "MirBoxGrasp1": {
    "q": [
      1.1633024215698242,
      -2.2063261471190394,
      -1.932530403137207,
      5.706231105118551,
      1.5480904579162598,
      1.5286459922790527
    ]
  },
  "MirDropZone0": {
    "q": [
      1.3816165924072266,
      -1.9655095539488734,
      -2.4364328384399414,
      6.034902083664694,
      1.6508498191833496,
      0.18291711807250977
    ]
  },
  "MirDropZonePre0": {
    "q": [
      1.381533145904541,
      -1.844957014123434,
      -2.4257993698120117,
      5.903811442642965,
      1.6502985954284668,
      0.18307256698608398
    ]
  },
  "MirDropZone1": {
    "q": [
      1.133237361907959,
      -1.9735714397826136,
      -2.3781862258911133,
      5.962733256607809,
      1.6633915901184082,
      -0.06605750719179326
    ]
  },
  "MirDropZonePre1": {
    "q": [
      1.1331415176391602,
      -1.8728186092772425,
      -2.3682146072387695,
      5.852040755539694,
      1.6630196571350098,
      -0.06588966051210576
    ]
  },
  "DummyOrder": {
    "red": 1,
    "blue": 1,
    "yellow": 1
  }
}
